{
    "formulario":[
        {
            "type":"radio",
            "question": "Selecciona los diseños con los que identificas a tu marca (No importa la selección que hagas, ésta es una decisión por gusto). *", 
            "nameForm": "disenosIdentificaMarca",
            "class": "col",
            "elements": [
                {"id": 0, "class": "col-12 col-md-8 col-lg-6 m-auto order-md-2", "value":"Te gustaría solo con tipografía (logotipo)", "img": "./images/solotipografia.png"},
                {"id": 1, "class": "col-12 col-md-8 col-lg-6 m-auto", "value":"Te gustaría que sólo se formará por medio de un símbolo o icono (Isotipo)", "img": "./images/solosimbolo.png"},
                {"id": 2, "class": "col-12 col-md-8 col-lg-6 m-auto", "value":"Te gustaría que tenga tipografía y además un símbolo (Imagotipo)", "img": "./images/tipografia-simbolo.png"},
                {"id": 3, "class": "col-12 col-md-8 col-lg-6 m-auto", "value":"Te gustaría que hubiera una fusión entre símbolo y texto inseparables (Isologo)", "img": "./images/simbolo-texto.png"}
            ],
            "isMulti": false,
            "next": false
        },
        {
            "type":"slide",
            "question":"Selecciona tu estilo. Elige con qué adjetivos se identifica el estilo de tu marca. *",
            "nameForm":"adjetivosIdentificanEstilo",
            "class": "col",
            "fields":[
                {"id": 0, "class": "col-11 m-auto", "nameForm": "clasico-futurista","firstValue":"Clasico", "lastValue": "Futurista", "init": 0, "end": 100, "value": 50},
                {"id": 1, "class": "col-11 m-auto", "nameForm": "formal-informal","firstValue":"Formal", "lastValue": "Informal", "init": 0, "end": 100, "value": 50},
                {"id": 2, "class": "col-11 m-auto", "nameForm": "simple-complejo","firstValue":"Simple", "lastValue": "Complejo", "init": 0, "end": 100, "value": 50},
                {"id": 3, "class": "col-11 m-auto", "nameForm": "casual-elegante","firstValue":"Casual", "lastValue": "Elegante", "init": 0, "end": 100, "value": 50}
            ],
            "isMulti": true,
            "next": true
        },
        {
            "type":"checkbox",
            "question":"Selecciona los colores para tu logotipo",
            "nameForm": "coloresLogotipo",
            "options": [
                {"id": 0, "class": "col-6 col-lg-4", "value": "Azules"},
                {"id": 1, "class": "col-6 col-lg-4", "value": "Verdes"},
                {"id": 2, "class": "col-6 col-lg-4", "value":"Morados"},
                {"id": 3, "class": "col-6 col-lg-4", "value":"Rosas"},
                {"id": 4, "class": "col-6 col-lg-4", "value":"Rojos"},
                {"id": 5, "class": "col-6 col-lg-4", "value":"Blancos"},
                {"id": 6, "class": "col-6 col-lg-4", "value":"Naranjas"},
                {"id": 7, "class": "col-6 col-lg-4", "value":"Amarillos"},
                {"id": 8, "class": "col-6 col-lg-4", "value":"Marrones"},
                {"id": 9, "class": "col-6 col-lg-4", "value":"Negros"},
                {"id": 10, "class": "col-6 col-lg-4", "value":"Grises"}
            ],
            "isMulti": false,
            "next": true,
            "isOptional": false
        },
        {
            "type":"radio",
            "question":"¿Cómo prefieres el tono del color seleccionado? *",
            "nameForm": "colorTono",
            "elements": [
                {"id": 0, "class": "col-12 m-auto", "value":"Brillantes, fuertes, vibrantes y llamativos"},
                {"id": 1, "class": "col-12 m-auto", "value":"Pasteles, claros, tenues y suaves"}
            ],
            "isMulti": false,
            "next": false
        },
        {
            "type": "select",
            "options": [
                {"id": null, "value": "Selecciona una respuesta"},
                {"id": 0, "value": "Integridad, paz y confianza."},
                {"id": 1, "value": "Naturalez, frescura y organico."},
                {"id": 2, "value": "Espiritualidad, creatividad y sabiduria."},
                {"id": 3, "value": "Delicadeza, romanticismo e inocencia."},
                {"id": 4, "value": "Dinamismo, calidez y energia."},
                {"id": 5, "value": "Pureza, tranquilidad y limpieza."},
                {"id": 6, "value": "Calidez, optimismo y claridad."},
                {"id": 7, "value": "Juventud, modernidad y diversion."},
                {"id": 8, "value": "Fortaleza, neutralidad y rustico."},
                {"id": 9, "value": "Sencillez, balance y calma."},
                {"id": 10, "value": "Elegancia, formalidad y prestigio."}
            ],
            "label": "Elige la mejor opcion",
            "nameForm":"marcaPalabras",
            "question": "Selecciona la opción que tenga el conjunto de palabras que se asemeje a lo que buscas transmitir en tu marca. *",
            "isMulti": false,
            "isOptional":false,
            "next": false
        },
        {
            "type":"text",
            "label":"Agrega un requerimiento adicional:",
            "question": "¿Tienes algún requerimiento específico para el diseño de tu logotipo? Ejemplo: Me gustaría tuviera tipografía clásica, la imagen de un barco, etc. *",
            "nameForm":"requerimientoAdicional",
            "isMulti": false,
            "isOptional": true,
            "next": true
        },
        {
            "type":"text",
            "label":"Marca:",
            "question": "Nombre de la marca *",
            "nameForm":"marcaNombre",
            "validations":{
                "required": true,
                "minlength": 5,
                "maxlength":50
            },  
            "isMulti": false,
            "isOptional": false,
            "next": true
        },
        {
            "type":"text",
            "label":"Cuentanos mas:",
            "question": "Cuéntanos de qué va tu idea de negocio. Ejemplo: Me dedico a la producción y venta de calcetines... *",
            "nameForm":"acercade",
            "validations":{
                "required": true,
                "minlength": 10,
                "maxlength": 200
            },  
            "isMulti": false,
            "isOptional": false,
            "next": true
        },
        {
            "type":"files",
            "label":"Sube un boceto o archivo",
            "question":"Sube un archivo con algún boceto que hayas hecho o algún logo que conozcas que te gustaría que usemos para inspirarnos. Cualquier información extra que puedas proporcionar es de gran ayuda para el diseño de tu logo.",
            "nameForm": "filesUpload",
            "total":3,
            "isMulti": true,
            "isOptional": true,
            "next": true
        },
        {
            "type": "select",
            "options": [
                {"id": null, "value": "Selecciona una Categoria"},
                {"id": 0, "value": "Abogacía y derecho"},
                {"id": 1, "value": "Agencia de publicidad"},
                {"id": 2, "value": "Agencia de viajes"},
                {"id": 3, "value": "Agricultura"},
                {"id": 4, "value": "Alimentos y bebidas"},
                {"id": 5, "value": "Animales y mascotas"},
                {"id": 6, "value": "Arquitectura"},
                {"id": 7, "value": "Arte y diseño"},
                {"id": 8, "value": "Automotriz"},
                {"id": 9, "value": "Bar o club nocturno"},
                {"id": 10, "value": "Bienes raíces"},
                {"id": 11, "value": "Cafeterías"},
                {"id": 12, "value": "Calzado"},
                {"id": 13, "value": "Citas y romance"},
                {"id": 14, "value": "Computación"},
                {"id": 15, "value": "Construcción"},
                {"id": 16, "value": "Contabilidad y finanzas"},
                {"id": 17, "value": "Cosmética y belleza"},
                {"id": 18, "value": "Cuidado infantil"},
                {"id": 19, "value": "Deportes"},
                {"id": 20, "value": "Educación"},
                {"id": 21, "value": "Electrónica"},
                {"id": 22, "value": "Entretenimiento"},
                {"id": 23, "value": "Estéticas"},
                {"id": 24, "value": "Eventos sociales"},
                {"id": 25, "value": "Farmaceútica"},
                {"id": 26, "value": "Ferretería"},
                {"id": 27, "value": "Florería "},
                {"id": 28, "value": "Gastronomía"},
                {"id": 29, "value": "Hogar  "},
                {"id": 30, "value": "Jardinería"},
                {"id": 31, "value": "Joyería "},
                {"id": 32, "value": "Juguetería"},
                {"id": 33, "value": "Librería"},
                {"id": 34, "value": "Limpieza y mantenimiento"},
                {"id": 35, "value": "Marketing"},
                {"id": 36, "value": "Medicina"},
                {"id": 37, "value": "Medios de comunicación"},
                {"id": 38, "value": "Medio ambiente"},
                {"id": 39, "value": "Mobiliarias"},
                {"id": 40, "value": "Moda"},
                {"id": 41, "value": "Música"},
                {"id": 42, "value": "Negocios y consultoría"},
                {"id": 43, "value": "Organización no gubernamental"},
                {"id": 44, "value": "Panadería y repostería"},
                {"id": 45, "value": "Ropa"},
                {"id": 46, "value": "Restaurantes"},
                {"id": 47, "value": "Salud y bienestar"},
                {"id": 48, "value": "Seguros"},
                {"id": 49, "value": "Software"},
                {"id": 50, "value": "Tecnología"},
                {"id": 51, "value": "Telecomunicaciones"},
                {"id": 52, "value": "Transporte "},
                {"id": 53, "value": "Videojuegos"}
            ],
            "label": "Categoria/Industria del negocio:",
            "nameForm":"categoriaNegocio",
            "question": "Selecciona a qué categoría/ industria pertenece tu negocio *",
            "isMulti": false,
            "isOptional":false,
            "next": false
        },
        {
            "type":"radio",
            "question":"Enviarme una copia de mis Respuestas.",
            "nameForm": "copiaRespuestasCliente",
            "elements": [
                {"id": 0, "class": "col-11 m-auto", "value":"Si"},
                {"id": 1, "class": "col-11 m-auto", "value":"No"}
            ],
            "isMulti": false,
            "next": false
        },
        {
            "type":"radio",
            "question":"Agregar Playera",
            "nameForm": "playeraAgregar",
            "elements": [
                {"id": 0, "class": "col-11 m-auto", "value":"Si", "action":"topay", "amount": 1000},
                {"id": 1, "class": "col-11 m-auto", "value":"No", "action":"restTotal", "amount": 1000}
            ],
            "isMulti": false,
            "next": false
        },
        {
            "type":"radio",
            "question":"Agregar Tarjetas de Presentacion",
            "nameForm": "tarjetasPresentacionAgregar",
            "elements": [
                {"id": 0, "class": "col-11 m-auto", "value":"Si", "action":"topay", "amount": 1000},
                {"id": 1, "class": "col-11 m-auto", "value":"No", "action":"restTotal", "amount": 1000}
            ],
            "isMulti": false,
            "next": false
        },
        {
            "type":"text-multi",
            "question":"Agrega Informacion de Contacto",
            "nameForm":"user",
            "fields":[
                {"id": 0, "class": "col-11 m-auto", "label":"Nombre del Usuario (min 6 caracters)", "nameForm":"nickname", "type": "text", "validations": {"required": true, "minlength": 6, "maxlength": 30}},
                {"id": 1, "class": "col-11 m-auto", "label":"Celular (min 6 caracters)", "nameForm":"phone", "type":"number", "validations": {"required": true, "minlength": 6, "maxlength": 30}},
                {"id": 2, "class": "col-11 m-auto", "label":"Correo (min 8 caracters)", "nameForm":"email", "type":"email", "validations": {"required": true, "minlength": 8, "maxlength": 30}}
            ],
            "isMulti": true,
            "isOptional": false,
            "next": true
        },
        {
            "type":"only-button",
            "name":"Finalizar",
            "action": "sendForm",
            "typeBtn":"submit"
        }
    ]
}